accession_id,design_description,library_name,library_construction_protocol,paired_nominal_length,paired_nominal_sdev,platform,model,library_layout,library_strategy,library_source,library_selection,extra_attributes,study_accession_id,submission_accession_id,created_at,edited_at
EGAX00001541706,whole exome,SAM638628_exome,whole exome,250,,ILLUMINA,Illumina HiSeq 2500,PAIRED,WXS,GENOMIC,unspecified,,EGAS00001002554,EGA00001358027,2017-08-04 19:32:45+02,2017-08-04 19:32:45+02
EGAX00001541707,whole exome,SAM637051_exome,whole exome,250,,ILLUMINA,Illumina HiSeq 2500,PAIRED,WXS,GENOMIC,unspecified,,EGAS00001002554,EGA00001358027,2017-08-04 19:32:45+02,2017-08-04 19:32:45+02
EGAX00001541708,whole exome,SAM637165_exome,whole exome,250,,ILLUMINA,Illumina HiSeq 2500,PAIRED,WXS,GENOMIC,unspecified,,EGAS00001002554,EGA00001358027,2017-08-04 19:32:45+02,2017-08-04 19:32:45+02
EGAX00001541709,whole exome,SAM638544_exome,whole exome,250,,ILLUMINA,Illumina HiSeq 2500,PAIRED,WXS,GENOMIC,unspecified,,EGAS00001002554,EGA00001358027,2017-08-04 19:32:45+02,2017-08-04 19:32:45+02
EGAX00001541710,whole exome,SAM638574_exome,whole exome,250,,ILLUMINA,Illumina HiSeq 2500,PAIRED,WXS,GENOMIC,unspecified,,EGAS00001002554,EGA00001358027,2017-08-04 19:32:45+02,2017-08-04 19:32:45+02
EGAX00001541711,whole exome,SAM638568_exome,whole exome,250,,ILLUMINA,Illumina HiSeq 2500,PAIRED,WXS,GENOMIC,unspecified,,EGAS00001002554,EGA00001358027,2017-08-04 19:32:45+02,2017-08-04 19:32:45+02
EGAX00001541712,whole exome,SAM635345_exome,whole exome,250,,ILLUMINA,Illumina HiSeq 2500,PAIRED,WXS,GENOMIC,unspecified,,EGAS00001002554,EGA00001358027,2017-08-04 19:32:45+02,2017-08-04 19:32:45+02
EGAX00001541713,whole exome,SAM638598_exome,whole exome,250,,ILLUMINA,Illumina HiSeq 2500,PAIRED,WXS,GENOMIC,unspecified,,EGAS00001002554,EGA00001358027,2017-08-04 19:32:45+02,2017-08-04 19:32:45+02
EGAX00001541714,whole exome,SAM636273_exome,whole exome,250,,ILLUMINA,Illumina HiSeq 2500,PAIRED,WXS,GENOMIC,unspecified,,EGAS00001002554,EGA00001358027,2017-08-04 19:32:45+02,2017-08-04 19:32:45+02
EGAX00001541715,whole exome,SAM638615_exome,whole exome,250,,ILLUMINA,Illumina HiSeq 2500,PAIRED,WXS,GENOMIC,unspecified,,EGAS00001002554,EGA00001358027,2017-08-04 19:32:45+02,2017-08-04 19:32:45+02
EGAX00001541716,whole exome,SAM638633_exome,whole exome,250,,ILLUMINA,Illumina HiSeq 2500,PAIRED,WXS,GENOMIC,unspecified,,EGAS00001002554,EGA00001358027,2017-08-04 19:32:45+02,2017-08-04 19:32:45+02
EGAX00001541717,whole exome,SAM637162_exome,whole exome,250,,ILLUMINA,Illumina HiSeq 2500,PAIRED,WXS,GENOMIC,unspecified,,EGAS00001002554,EGA00001358027,2017-08-04 19:32:45+02,2017-08-04 19:32:45+02
EGAX00001541718,whole exome,SAM635678_exome,whole exome,250,,ILLUMINA,Illumina HiSeq 2500,PAIRED,WXS,GENOMIC,unspecified,,EGAS00001002554,EGA00001358027,2017-08-04 19:32:45+02,2017-08-04 19:32:45+02
EGAX00001541719,whole exome,SAM20882203_exome,whole exome,250,,ILLUMINA,Illumina HiSeq 2500,PAIRED,WXS,GENOMIC,unspecified,,EGAS00001002554,EGA00001358027,2017-08-04 19:32:45+02,2017-08-04 19:32:45+02
EGAX00001541720,whole exome,SAM638701_exome,whole exome,250,,ILLUMINA,Illumina HiSeq 2500,PAIRED,WXS,GENOMIC,unspecified,,EGAS00001002554,EGA00001358027,2017-08-04 19:32:45+02,2017-08-04 19:32:45+02
EGAX00001541721,whole exome,SAM635338_exome,whole exome,250,,ILLUMINA,Illumina HiSeq 2500,PAIRED,WXS,GENOMIC,unspecified,,EGAS00001002554,EGA00001358027,2017-08-04 19:32:45+02,2017-08-04 19:32:45+02
EGAX00001541722,whole exome,SAM635705_exome,whole exome,250,,ILLUMINA,Illumina HiSeq 2500,PAIRED,WXS,GENOMIC,unspecified,,EGAS00001002554,EGA00001358027,2017-08-04 19:32:45+02,2017-08-04 19:32:45+02
EGAX00001541723,whole exome,SAM636284_exome,whole exome,250,,ILLUMINA,Illumina HiSeq 2500,PAIRED,WXS,GENOMIC,unspecified,,EGAS00001002554,EGA00001358027,2017-08-04 19:32:45+02,2017-08-04 19:32:45+02
EGAX00001541724,whole exome,SAM636253_exome,whole exome,250,,ILLUMINA,Illumina HiSeq 2500,PAIRED,WXS,GENOMIC,unspecified,,EGAS00001002554,EGA00001358027,2017-08-04 19:32:45+02,2017-08-04 19:32:45+02
EGAX00001541725,whole exome,SAM636320_exome,whole exome,250,,ILLUMINA,Illumina HiSeq 2500,PAIRED,WXS,GENOMIC,unspecified,,EGAS00001002554,EGA00001358027,2017-08-04 19:32:45+02,2017-08-04 19:32:45+02
EGAX00001541726,whole exome,SAM636275_exome,whole exome,250,,ILLUMINA,Illumina HiSeq 2500,PAIRED,WXS,GENOMIC,unspecified,,EGAS00001002554,EGA00001358027,2017-08-04 19:32:45+02,2017-08-04 19:32:45+02
EGAX00001541727,whole exome,SAM635662_exome,whole exome,250,,ILLUMINA,Illumina HiSeq 2500,PAIRED,WXS,GENOMIC,unspecified,,EGAS00001002554,EGA00001358027,2017-08-04 19:32:45+02,2017-08-04 19:32:45+02
EGAX00001541728,whole exome,SAM635673_exome,whole exome,250,,ILLUMINA,Illumina HiSeq 2500,PAIRED,WXS,GENOMIC,unspecified,,EGAS00001002554,EGA00001358027,2017-08-04 19:32:45+02,2017-08-04 19:32:45+02
EGAX00001541729,whole exome,SAM637172_exome,whole exome,250,,ILLUMINA,Illumina HiSeq 2500,PAIRED,WXS,GENOMIC,unspecified,,EGAS00001002554,EGA00001358027,2017-08-04 19:32:45+02,2017-08-04 19:32:45+02
EGAX00001541730,whole exome,SAM638687_exome,whole exome,250,,ILLUMINA,Illumina HiSeq 2500,PAIRED,WXS,GENOMIC,unspecified,,EGAS00001002554,EGA00001358027,2017-08-04 19:32:45+02,2017-08-04 19:32:45+02
EGAX00001541731,whole exome,SAM638548_exome,whole exome,250,,ILLUMINA,Illumina HiSeq 2500,PAIRED,WXS,GENOMIC,unspecified,,EGAS00001002554,EGA00001358027,2017-08-04 19:32:45+02,2017-08-04 19:32:45+02
EGAX00001541732,whole exome,SAM635679_exome,whole exome,250,,ILLUMINA,Illumina HiSeq 2500,PAIRED,WXS,GENOMIC,unspecified,,EGAS00001002554,EGA00001358027,2017-08-04 19:32:45+02,2017-08-04 19:32:45+02
EGAX00001541733,whole exome,SAM638635_exome,whole exome,250,,ILLUMINA,Illumina HiSeq 2500,PAIRED,WXS,GENOMIC,unspecified,,EGAS00001002554,EGA00001358027,2017-08-04 19:32:45+02,2017-08-04 19:32:45+02
EGAX00001541734,whole exome,SAM636334_exome,whole exome,250,,ILLUMINA,Illumina HiSeq 2500,PAIRED,WXS,GENOMIC,unspecified,,EGAS00001002554,EGA00001358027,2017-08-04 19:32:45+02,2017-08-04 19:32:45+02
EGAX00001541735,whole exome,SAM638674_exome,whole exome,250,,ILLUMINA,Illumina HiSeq 2500,PAIRED,WXS,GENOMIC,unspecified,,EGAS00001002554,EGA00001358027,2017-08-04 19:32:45+02,2017-08-04 19:32:45+02
EGAX00001541736,whole exome,SAM635710_exome,whole exome,250,,ILLUMINA,Illumina HiSeq 2500,PAIRED,WXS,GENOMIC,unspecified,,EGAS00001002554,EGA00001358027,2017-08-04 19:32:45+02,2017-08-04 19:32:45+02
EGAX00001541737,whole exome,SAM638713_exome,whole exome,250,,ILLUMINA,Illumina HiSeq 2500,PAIRED,WXS,GENOMIC,unspecified,,EGAS00001002554,EGA00001358027,2017-08-04 19:32:45+02,2017-08-04 19:32:45+02
EGAX00001541738,whole exome,SAM638597_exome,whole exome,250,,ILLUMINA,Illumina HiSeq 2500,PAIRED,WXS,GENOMIC,unspecified,,EGAS00001002554,EGA00001358027,2017-08-04 19:32:45+02,2017-08-04 19:32:45+02
EGAX00001541739,whole exome,SAM8979719_exome,whole exome,250,,ILLUMINA,Illumina HiSeq 2500,PAIRED,WXS,GENOMIC,unspecified,,EGAS00001002554,EGA00001358027,2017-08-04 19:32:45+02,2017-08-04 19:32:45+02
EGAX00001541740,whole exome,SAM638673_exome,whole exome,250,,ILLUMINA,Illumina HiSeq 2500,PAIRED,WXS,GENOMIC,unspecified,,EGAS00001002554,EGA00001358027,2017-08-04 19:32:45+02,2017-08-04 19:32:45+02
EGAX00001541741,whole exome,SAM637020_exome,whole exome,250,,ILLUMINA,Illumina HiSeq 2500,PAIRED,WXS,GENOMIC,unspecified,,EGAS00001002554,EGA00001358027,2017-08-04 19:32:45+02,2017-08-04 19:32:45+02
EGAX00001541742,whole exome,SAM636276_exome,whole exome,250,,ILLUMINA,Illumina HiSeq 2500,PAIRED,WXS,GENOMIC,unspecified,,EGAS00001002554,EGA00001358027,2017-08-04 19:32:45+02,2017-08-04 19:32:45+02
EGAX00001541743,whole exome,SAM636337_exome,whole exome,250,,ILLUMINA,Illumina HiSeq 2500,PAIRED,WXS,GENOMIC,unspecified,,EGAS00001002554,EGA00001358027,2017-08-04 19:32:45+02,2017-08-04 19:32:45+02
EGAX00001541744,whole exome,SAM636390_exome,whole exome,250,,ILLUMINA,Illumina HiSeq 2500,PAIRED,WXS,GENOMIC,unspecified,,EGAS00001002554,EGA00001358027,2017-08-04 19:32:45+02,2017-08-04 19:32:45+02
EGAX00001541745,whole exome,SAM638620_exome,whole exome,250,,ILLUMINA,Illumina HiSeq 2500,PAIRED,WXS,GENOMIC,unspecified,,EGAS00001002554,EGA00001358027,2017-08-04 19:32:45+02,2017-08-04 19:32:45+02
EGAX00001541746,whole exome,SAM635697_exome,whole exome,250,,ILLUMINA,Illumina HiSeq 2500,PAIRED,WXS,GENOMIC,unspecified,,EGAS00001002554,EGA00001358027,2017-08-04 19:32:45+02,2017-08-04 19:32:45+02
EGAX00001541747,whole exome,SAM8979690_exome,whole exome,250,,ILLUMINA,Illumina HiSeq 2500,PAIRED,WXS,GENOMIC,unspecified,,EGAS00001002554,EGA00001358027,2017-08-04 19:32:45+02,2017-08-04 19:32:45+02
EGAX00001541748,whole exome,SAM8979686_exome,whole exome,250,,ILLUMINA,Illumina HiSeq 2500,PAIRED,WXS,GENOMIC,unspecified,,EGAS00001002554,EGA00001358027,2017-08-04 19:32:45+02,2017-08-04 19:32:45+02
EGAX00001541749,whole exome,SAM635722_exome,whole exome,250,,ILLUMINA,Illumina HiSeq 2500,PAIRED,WXS,GENOMIC,unspecified,,EGAS00001002554,EGA00001358027,2017-08-04 19:32:45+02,2017-08-04 19:32:45+02
EGAX00001541750,whole exome,SAM638565_exome,whole exome,250,,ILLUMINA,Illumina HiSeq 2500,PAIRED,WXS,GENOMIC,unspecified,,EGAS00001002554,EGA00001358027,2017-08-04 19:32:45+02,2017-08-04 19:32:45+02
EGAX00001541751,whole exome,SAM635347_exome,whole exome,250,,ILLUMINA,Illumina HiSeq 2500,PAIRED,WXS,GENOMIC,unspecified,,EGAS00001002554,EGA00001358027,2017-08-04 19:32:46+02,2017-08-04 19:32:46+02
EGAX00001541752,whole exome,SAM8979722_exome,whole exome,250,,ILLUMINA,Illumina HiSeq 2500,PAIRED,WXS,GENOMIC,unspecified,,EGAS00001002554,EGA00001358027,2017-08-04 19:32:46+02,2017-08-04 19:32:46+02
EGAX00001541753,whole exome,SAM638655_exome,whole exome,250,,ILLUMINA,Illumina HiSeq 2500,PAIRED,WXS,GENOMIC,unspecified,,EGAS00001002554,EGA00001358027,2017-08-04 19:32:46+02,2017-08-04 19:32:46+02
EGAX00001541754,whole exome,SAM638584_exome,whole exome,250,,ILLUMINA,Illumina HiSeq 2500,PAIRED,WXS,GENOMIC,unspecified,,EGAS00001002554,EGA00001358027,2017-08-04 19:32:46+02,2017-08-04 19:32:46+02
EGAX00001541755,whole exome,SAM638703_exome,whole exome,250,,ILLUMINA,Illumina HiSeq 2500,PAIRED,WXS,GENOMIC,unspecified,,EGAS00001002554,EGA00001358027,2017-08-04 19:32:46+02,2017-08-04 19:32:46+02
EGAX00001541756,whole exome,SAM635326_exome,whole exome,250,,ILLUMINA,Illumina HiSeq 2500,PAIRED,WXS,GENOMIC,unspecified,,EGAS00001002554,EGA00001358027,2017-08-04 19:32:46+02,2017-08-04 19:32:46+02
EGAX00001541757,whole exome,SAM636327_exome,whole exome,250,,ILLUMINA,Illumina HiSeq 2500,PAIRED,WXS,GENOMIC,unspecified,,EGAS00001002554,EGA00001358027,2017-08-04 19:32:46+02,2017-08-04 19:32:46+02
EGAX00001541758,whole exome,SAM636250_exome,whole exome,250,,ILLUMINA,Illumina HiSeq 2500,PAIRED,WXS,GENOMIC,unspecified,,EGAS00001002554,EGA00001358027,2017-08-04 19:32:46+02,2017-08-04 19:32:46+02
EGAX00001541759,whole exome,SAM638686_exome,whole exome,250,,ILLUMINA,Illumina HiSeq 2500,PAIRED,WXS,GENOMIC,unspecified,,EGAS00001002554,EGA00001358027,2017-08-04 19:32:46+02,2017-08-04 19:32:46+02
EGAX00001541760,whole exome,SAM638594_exome,whole exome,250,,ILLUMINA,Illumina HiSeq 2500,PAIRED,WXS,GENOMIC,unspecified,,EGAS00001002554,EGA00001358027,2017-08-04 19:32:46+02,2017-08-04 19:32:46+02
EGAX00001541761,whole exome,SAM635333_exome,whole exome,250,,ILLUMINA,Illumina HiSeq 2500,PAIRED,WXS,GENOMIC,unspecified,,EGAS00001002554,EGA00001358027,2017-08-04 19:32:46+02,2017-08-04 19:32:46+02
EGAX00001541762,whole exome,SAM638656_exome,whole exome,250,,ILLUMINA,Illumina HiSeq 2500,PAIRED,WXS,GENOMIC,unspecified,,EGAS00001002554,EGA00001358027,2017-08-04 19:32:46+02,2017-08-04 19:32:46+02
EGAX00001541763,whole exome,SAM635332_exome,whole exome,250,,ILLUMINA,Illumina HiSeq 2500,PAIRED,WXS,GENOMIC,unspecified,,EGAS00001002554,EGA00001358027,2017-08-04 19:32:46+02,2017-08-04 19:32:46+02
EGAX00001541764,whole exome,SAM638698_exome,whole exome,250,,ILLUMINA,Illumina HiSeq 2500,PAIRED,WXS,GENOMIC,unspecified,,EGAS00001002554,EGA00001358027,2017-08-04 19:32:46+02,2017-08-04 19:32:46+02
EGAX00001541765,whole exome,SAM635671_exome,whole exome,250,,ILLUMINA,Illumina HiSeq 2500,PAIRED,WXS,GENOMIC,unspecified,,EGAS00001002554,EGA00001358027,2017-08-04 19:32:46+02,2017-08-04 19:32:46+02
EGAX00001541766,whole exome,SAM638588_exome,whole exome,250,,ILLUMINA,Illumina HiSeq 2500,PAIRED,WXS,GENOMIC,unspecified,,EGAS00001002554,EGA00001358027,2017-08-04 19:32:46+02,2017-08-04 19:32:46+02
EGAX00001541767,whole exome,SAM637119_exome,whole exome,250,,ILLUMINA,Illumina HiSeq 2500,PAIRED,WXS,GENOMIC,unspecified,,EGAS00001002554,EGA00001358027,2017-08-04 19:32:46+02,2017-08-04 19:32:46+02
EGAX00001541768,whole exome,SAM638592_exome,whole exome,250,,ILLUMINA,Illumina HiSeq 2500,PAIRED,WXS,GENOMIC,unspecified,,EGAS00001002554,EGA00001358027,2017-08-04 19:32:46+02,2017-08-04 19:32:46+02
EGAX00001541769,whole exome,SAM8979715_exome,whole exome,250,,ILLUMINA,Illumina HiSeq 2500,PAIRED,WXS,GENOMIC,unspecified,,EGAS00001002554,EGA00001358027,2017-08-04 19:32:46+02,2017-08-04 19:32:46+02
EGAX00001541770,whole exome,SAM13773940_exome,whole exome,250,,ILLUMINA,Illumina HiSeq 2500,PAIRED,WXS,GENOMIC,unspecified,,EGAS00001002554,EGA00001358027,2017-08-04 19:32:46+02,2017-08-04 19:32:46+02
EGAX00001541771,whole exome,SAM637068_exome,whole exome,250,,ILLUMINA,Illumina HiSeq 2500,PAIRED,WXS,GENOMIC,unspecified,,EGAS00001002554,EGA00001358027,2017-08-04 19:32:46+02,2017-08-04 19:32:46+02
EGAX00001541772,whole exome,SAM636364_exome,whole exome,250,,ILLUMINA,Illumina HiSeq 2500,PAIRED,WXS,GENOMIC,unspecified,,EGAS00001002554,EGA00001358027,2017-08-04 19:32:46+02,2017-08-04 19:32:46+02
EGAX00001541773,whole exome,SAM636248_exome,whole exome,250,,ILLUMINA,Illumina HiSeq 2500,PAIRED,WXS,GENOMIC,unspecified,,EGAS00001002554,EGA00001358027,2017-08-04 19:32:46+02,2017-08-04 19:32:46+02
EGAX00001541774,whole exome,SAM638609_exome,whole exome,250,,ILLUMINA,Illumina HiSeq 2500,PAIRED,WXS,GENOMIC,unspecified,,EGAS00001002554,EGA00001358027,2017-08-04 19:32:46+02,2017-08-04 19:32:46+02
EGAX00001541775,whole exome,SAM635346_exome,whole exome,250,,ILLUMINA,Illumina HiSeq 2500,PAIRED,WXS,GENOMIC,unspecified,,EGAS00001002554,EGA00001358027,2017-08-04 19:32:46+02,2017-08-04 19:32:46+02
EGAX00001541776,whole exome,SAM638613_exome,whole exome,250,,ILLUMINA,Illumina HiSeq 2500,PAIRED,WXS,GENOMIC,unspecified,,EGAS00001002554,EGA00001358027,2017-08-04 19:32:46+02,2017-08-04 19:32:46+02
EGAX00001541777,whole exome,SAM636277_exome,whole exome,250,,ILLUMINA,Illumina HiSeq 2500,PAIRED,WXS,GENOMIC,unspecified,,EGAS00001002554,EGA00001358027,2017-08-04 19:32:46+02,2017-08-04 19:32:46+02
EGAX00001541778,whole exome,SAM638587_exome,whole exome,250,,ILLUMINA,Illumina HiSeq 2500,PAIRED,WXS,GENOMIC,unspecified,,EGAS00001002554,EGA00001358027,2017-08-04 19:32:46+02,2017-08-04 19:32:46+02
EGAX00001541779,whole exome,SAM636279_exome,whole exome,250,,ILLUMINA,Illumina HiSeq 2500,PAIRED,WXS,GENOMIC,unspecified,,EGAS00001002554,EGA00001358027,2017-08-04 19:32:46+02,2017-08-04 19:32:46+02
EGAX00001541780,whole exome,SAM637079_exome,whole exome,250,,ILLUMINA,Illumina HiSeq 2500,PAIRED,WXS,GENOMIC,unspecified,,EGAS00001002554,EGA00001358027,2017-08-04 19:32:46+02,2017-08-04 19:32:46+02
EGAX00001541781,whole exome,SAM635672_exome,whole exome,250,,ILLUMINA,Illumina HiSeq 2500,PAIRED,WXS,GENOMIC,unspecified,,EGAS00001002554,EGA00001358027,2017-08-04 19:32:46+02,2017-08-04 19:32:46+02
EGAX00001541782,whole exome,SAM8979698_exome,whole exome,250,,ILLUMINA,Illumina HiSeq 2500,PAIRED,WXS,GENOMIC,unspecified,,EGAS00001002554,EGA00001358027,2017-08-04 19:32:46+02,2017-08-04 19:32:46+02
EGAX00001541783,whole exome,SAM638710_exome,whole exome,250,,ILLUMINA,Illumina HiSeq 2500,PAIRED,WXS,GENOMIC,unspecified,,EGAS00001002554,EGA00001358027,2017-08-04 19:32:46+02,2017-08-04 19:32:46+02
EGAX00001541784,whole exome,SAM635717_exome,whole exome,250,,ILLUMINA,Illumina HiSeq 2500,PAIRED,WXS,GENOMIC,unspecified,,EGAS00001002554,EGA00001358027,2017-08-04 19:32:46+02,2017-08-04 19:32:46+02
EGAX00001541785,whole exome,SAM638593_exome,whole exome,250,,ILLUMINA,Illumina HiSeq 2500,PAIRED,WXS,GENOMIC,unspecified,,EGAS00001002554,EGA00001358027,2017-08-04 19:32:46+02,2017-08-04 19:32:46+02
EGAX00001541786,whole exome,SAM638662_exome,whole exome,250,,ILLUMINA,Illumina HiSeq 2500,PAIRED,WXS,GENOMIC,unspecified,,EGAS00001002554,EGA00001358027,2017-08-04 19:32:46+02,2017-08-04 19:32:46+02
EGAX00001541787,whole exome,SAM8979680_exome,whole exome,250,,ILLUMINA,Illumina HiSeq 2500,PAIRED,WXS,GENOMIC,unspecified,,EGAS00001002554,EGA00001358027,2017-08-04 19:32:46+02,2017-08-04 19:32:46+02
EGAX00001541788,whole exome,SAM20882294_exome,whole exome,250,,ILLUMINA,Illumina HiSeq 2500,PAIRED,WXS,GENOMIC,unspecified,,EGAS00001002554,EGA00001358027,2017-08-04 19:32:46+02,2017-08-04 19:32:46+02
EGAX00001541789,whole exome,SAM8979703_exome,whole exome,250,,ILLUMINA,Illumina HiSeq 2500,PAIRED,WXS,GENOMIC,unspecified,,EGAS00001002554,EGA00001358027,2017-08-04 19:32:46+02,2017-08-04 19:32:46+02
EGAX00001541790,whole exome,SAM636225_exome,whole exome,250,,ILLUMINA,Illumina HiSeq 2500,PAIRED,WXS,GENOMIC,unspecified,,EGAS00001002554,EGA00001358027,2017-08-04 19:32:46+02,2017-08-04 19:32:46+02
EGAX00001541791,whole exome,SAM638585_exome,whole exome,250,,ILLUMINA,Illumina HiSeq 2500,PAIRED,WXS,GENOMIC,unspecified,,EGAS00001002554,EGA00001358027,2017-08-04 19:32:46+02,2017-08-04 19:32:46+02
EGAX00001541792,whole exome,SAM637120_exome,whole exome,250,,ILLUMINA,Illumina HiSeq 2500,PAIRED,WXS,GENOMIC,unspecified,,EGAS00001002554,EGA00001358027,2017-08-04 19:32:46+02,2017-08-04 19:32:46+02
EGAX00001541793,whole exome,SAM20882185_exome,whole exome,250,,ILLUMINA,Illumina HiSeq 2500,PAIRED,WXS,GENOMIC,unspecified,,EGAS00001002554,EGA00001358027,2017-08-04 19:32:46+02,2017-08-04 19:32:46+02
EGAX00001541794,whole exome,SAM638604_exome,whole exome,250,,ILLUMINA,Illumina HiSeq 2500,PAIRED,WXS,GENOMIC,unspecified,,EGAS00001002554,EGA00001358027,2017-08-04 19:32:46+02,2017-08-04 19:32:46+02
EGAX00001541795,whole exome,SAM20882192_exome,whole exome,250,,ILLUMINA,Illumina HiSeq 2500,PAIRED,WXS,GENOMIC,unspecified,,EGAS00001002554,EGA00001358027,2017-08-04 19:32:46+02,2017-08-04 19:32:46+02
EGAX00001541796,whole exome,SAM636377_exome,whole exome,250,,ILLUMINA,Illumina HiSeq 2500,PAIRED,WXS,GENOMIC,unspecified,,EGAS00001002554,EGA00001358027,2017-08-04 19:32:46+02,2017-08-04 19:32:46+02
EGAX00001541797,whole exome,SAM635715_exome,whole exome,250,,ILLUMINA,Illumina HiSeq 2500,PAIRED,WXS,GENOMIC,unspecified,,EGAS00001002554,EGA00001358027,2017-08-04 19:32:46+02,2017-08-04 19:32:46+02
EGAX00001541798,whole exome,SAM635676_exome,whole exome,250,,ILLUMINA,Illumina HiSeq 2500,PAIRED,WXS,GENOMIC,unspecified,,EGAS00001002554,EGA00001358027,2017-08-04 19:32:46+02,2017-08-04 19:32:46+02
EGAX00001541799,whole exome,SAM8979685_exome,whole exome,250,,ILLUMINA,Illumina HiSeq 2500,PAIRED,WXS,GENOMIC,unspecified,,EGAS00001002554,EGA00001358027,2017-08-04 19:32:46+02,2017-08-04 19:32:46+02
EGAX00001541800,whole exome,SAM638684_exome,whole exome,250,,ILLUMINA,Illumina HiSeq 2500,PAIRED,WXS,GENOMIC,unspecified,,EGAS00001002554,EGA00001358027,2017-08-04 19:32:46+02,2017-08-04 19:32:46+02
EGAX00001541801,whole exome,SAM8979728_exome,whole exome,250,,ILLUMINA,Illumina HiSeq 2500,PAIRED,WXS,GENOMIC,unspecified,,EGAS00001002554,EGA00001358027,2017-08-04 19:32:46+02,2017-08-04 19:32:46+02
EGAX00001541802,whole exome,SAM20882266_exome,whole exome,250,,ILLUMINA,Illumina HiSeq 2500,PAIRED,WXS,GENOMIC,unspecified,,EGAS00001002554,EGA00001358027,2017-08-04 19:32:46+02,2017-08-04 19:32:46+02
EGAX00001541803,whole exome,SAM636379_exome,whole exome,250,,ILLUMINA,Illumina HiSeq 2500,PAIRED,WXS,GENOMIC,unspecified,,EGAS00001002554,EGA00001358027,2017-08-04 19:32:46+02,2017-08-04 19:32:46+02
EGAX00001541804,whole exome,SAM638612_exome,whole exome,250,,ILLUMINA,Illumina HiSeq 2500,PAIRED,WXS,GENOMIC,unspecified,,EGAS00001002554,EGA00001358027,2017-08-04 19:32:46+02,2017-08-04 19:32:46+02
EGAX00001541805,whole exome,SAM635670_exome,whole exome,250,,ILLUMINA,Illumina HiSeq 2500,PAIRED,WXS,GENOMIC,unspecified,,EGAS00001002554,EGA00001358027,2017-08-04 19:32:46+02,2017-08-04 19:32:46+02
EGAX00001541806,whole exome,SAM638546_exome,whole exome,250,,ILLUMINA,Illumina HiSeq 2500,PAIRED,WXS,GENOMIC,unspecified,,EGAS00001002554,EGA00001358027,2017-08-04 19:32:46+02,2017-08-04 19:32:47+02
EGAX00001541807,whole exome,SAM638566_exome,whole exome,250,,ILLUMINA,Illumina HiSeq 2500,PAIRED,WXS,GENOMIC,unspecified,,EGAS00001002554,EGA00001358027,2017-08-04 19:32:47+02,2017-08-04 19:32:47+02
EGAX00001541808,whole exome,SAM638677_exome,whole exome,250,,ILLUMINA,Illumina HiSeq 2500,PAIRED,WXS,GENOMIC,unspecified,,EGAS00001002554,EGA00001358027,2017-08-04 19:32:47+02,2017-08-04 19:32:47+02
EGAX00001541809,whole exome,SAM638539_exome,whole exome,250,,ILLUMINA,Illumina HiSeq 2500,PAIRED,WXS,GENOMIC,unspecified,,EGAS00001002554,EGA00001358027,2017-08-04 19:32:47+02,2017-08-04 19:32:47+02
EGAX00001541810,whole exome,SAM636222_exome,whole exome,250,,ILLUMINA,Illumina HiSeq 2500,PAIRED,WXS,GENOMIC,unspecified,,EGAS00001002554,EGA00001358027,2017-08-04 19:32:47+02,2017-08-04 19:32:47+02
EGAX00001541811,whole exome,SAM636274_exome,whole exome,250,,ILLUMINA,Illumina HiSeq 2500,PAIRED,WXS,GENOMIC,unspecified,,EGAS00001002554,EGA00001358027,2017-08-04 19:32:47+02,2017-08-04 19:32:47+02
EGAX00001541812,whole exome,SAM637122_exome,whole exome,250,,ILLUMINA,Illumina HiSeq 2500,PAIRED,WXS,GENOMIC,unspecified,,EGAS00001002554,EGA00001358027,2017-08-04 19:32:47+02,2017-08-04 19:32:47+02
EGAX00001541813,whole exome,SAM638716_exome,whole exome,250,,ILLUMINA,Illumina HiSeq 2500,PAIRED,WXS,GENOMIC,unspecified,,EGAS00001002554,EGA00001358027,2017-08-04 19:32:47+02,2017-08-04 19:32:47+02
EGAX00001541814,whole exome,SAM20882291_exome,whole exome,250,,ILLUMINA,Illumina HiSeq 2500,PAIRED,WXS,GENOMIC,unspecified,,EGAS00001002554,EGA00001358027,2017-08-04 19:32:47+02,2017-08-04 19:32:47+02
EGAX00001541815,whole exome,SAM636432_exome,whole exome,250,,ILLUMINA,Illumina HiSeq 2500,PAIRED,WXS,GENOMIC,unspecified,,EGAS00001002554,EGA00001358027,2017-08-04 19:32:47+02,2017-08-04 19:32:47+02
EGAX00001541816,whole exome,SAM636422_exome,whole exome,250,,ILLUMINA,Illumina HiSeq 2500,PAIRED,WXS,GENOMIC,unspecified,,EGAS00001002554,EGA00001358027,2017-08-04 19:32:47+02,2017-08-04 19:32:47+02
EGAX00001541817,whole exome,SAM638678_exome,whole exome,250,,ILLUMINA,Illumina HiSeq 2500,PAIRED,WXS,GENOMIC,unspecified,,EGAS00001002554,EGA00001358027,2017-08-04 19:32:47+02,2017-08-04 19:32:47+02
EGAX00001541818,whole exome,SAM637166_exome,whole exome,250,,ILLUMINA,Illumina HiSeq 2500,PAIRED,WXS,GENOMIC,unspecified,,EGAS00001002554,EGA00001358027,2017-08-04 19:32:47+02,2017-08-04 19:32:47+02
EGAX00001541819,whole exome,SAM638573_exome,whole exome,250,,ILLUMINA,Illumina HiSeq 2500,PAIRED,WXS,GENOMIC,unspecified,,EGAS00001002554,EGA00001358027,2017-08-04 19:32:47+02,2017-08-04 19:32:47+02
EGAX00001541820,whole exome,SAM20882212_exome,whole exome,250,,ILLUMINA,Illumina HiSeq 2500,PAIRED,WXS,GENOMIC,unspecified,,EGAS00001002554,EGA00001358027,2017-08-04 19:32:47+02,2017-08-04 19:32:47+02
EGAX00001541821,whole exome,SAM639011_exome,whole exome,250,,ILLUMINA,Illumina HiSeq 2500,PAIRED,WXS,GENOMIC,unspecified,,EGAS00001002554,EGA00001358027,2017-08-04 19:32:47+02,2017-08-04 19:32:47+02
EGAX00001541822,whole exome,SAM635340_exome,whole exome,250,,ILLUMINA,Illumina HiSeq 2500,PAIRED,WXS,GENOMIC,unspecified,,EGAS00001002554,EGA00001358027,2017-08-04 19:32:47+02,2017-08-04 19:32:47+02
EGAX00001541823,whole exome,SAM638607_exome,whole exome,250,,ILLUMINA,Illumina HiSeq 2500,PAIRED,WXS,GENOMIC,unspecified,,EGAS00001002554,EGA00001358027,2017-08-04 19:32:47+02,2017-08-04 19:32:47+02
EGAX00001541824,whole exome,SAM638667_exome,whole exome,250,,ILLUMINA,Illumina HiSeq 2500,PAIRED,WXS,GENOMIC,unspecified,,EGAS00001002554,EGA00001358027,2017-08-04 19:32:47+02,2017-08-04 19:32:47+02
EGAX00001541825,whole exome,SAM8979581_exome,whole exome,250,,ILLUMINA,Illumina HiSeq 2500,PAIRED,WXS,GENOMIC,unspecified,,EGAS00001002554,EGA00001358027,2017-08-04 19:32:47+02,2017-08-04 19:32:47+02
EGAX00001541826,whole exome,SAM636381_exome,whole exome,250,,ILLUMINA,Illumina HiSeq 2500,PAIRED,WXS,GENOMIC,unspecified,,EGAS00001002554,EGA00001358027,2017-08-04 19:32:47+02,2017-08-04 19:32:47+02
EGAX00001541827,whole exome,SAM636330_exome,whole exome,250,,ILLUMINA,Illumina HiSeq 2500,PAIRED,WXS,GENOMIC,unspecified,,EGAS00001002554,EGA00001358027,2017-08-04 19:32:47+02,2017-08-04 19:32:47+02
EGAX00001541828,whole exome,SAM638660_exome,whole exome,250,,ILLUMINA,Illumina HiSeq 2500,PAIRED,WXS,GENOMIC,unspecified,,EGAS00001002554,EGA00001358027,2017-08-04 19:32:47+02,2017-08-04 19:32:47+02
EGAX00001541829,whole exome,SAM8979609_exome,whole exome,250,,ILLUMINA,Illumina HiSeq 2500,PAIRED,WXS,GENOMIC,unspecified,,EGAS00001002554,EGA00001358027,2017-08-04 19:32:47+02,2017-08-04 19:32:47+02
EGAX00001541830,whole exome,SAM636380_exome,whole exome,250,,ILLUMINA,Illumina HiSeq 2500,PAIRED,WXS,GENOMIC,unspecified,,EGAS00001002554,EGA00001358027,2017-08-04 19:32:47+02,2017-08-04 19:32:47+02
EGAX00001541831,whole exome,SAM635339_exome,whole exome,250,,ILLUMINA,Illumina HiSeq 2500,PAIRED,WXS,GENOMIC,unspecified,,EGAS00001002554,EGA00001358027,2017-08-04 19:32:47+02,2017-08-04 19:32:47+02
EGAX00001541832,whole exome,SAM636246_exome,whole exome,250,,ILLUMINA,Illumina HiSeq 2500,PAIRED,WXS,GENOMIC,unspecified,,EGAS00001002554,EGA00001358027,2017-08-04 19:32:47+02,2017-08-04 19:32:47+02
EGAX00001541833,whole exome,SAM636428_exome,whole exome,250,,ILLUMINA,Illumina HiSeq 2500,PAIRED,WXS,GENOMIC,unspecified,,EGAS00001002554,EGA00001358027,2017-08-04 19:32:47+02,2017-08-04 19:32:47+02
EGAX00001541834,whole exome,SAM636254_exome,whole exome,250,,ILLUMINA,Illumina HiSeq 2500,PAIRED,WXS,GENOMIC,unspecified,,EGAS00001002554,EGA00001358027,2017-08-04 19:32:47+02,2017-08-04 19:32:47+02
EGAX00001541835,whole exome,SAM638616_exome,whole exome,250,,ILLUMINA,Illumina HiSeq 2500,PAIRED,WXS,GENOMIC,unspecified,,EGAS00001002554,EGA00001358027,2017-08-04 19:32:47+02,2017-08-04 19:32:47+02
EGAX00001541836,whole exome,SAM638610_exome,whole exome,250,,ILLUMINA,Illumina HiSeq 2500,PAIRED,WXS,GENOMIC,unspecified,,EGAS00001002554,EGA00001358027,2017-08-04 19:32:47+02,2017-08-04 19:32:47+02
EGAX00001541837,whole exome,SAM638590_exome,whole exome,250,,ILLUMINA,Illumina HiSeq 2500,PAIRED,WXS,GENOMIC,unspecified,,EGAS00001002554,EGA00001358027,2017-08-04 19:32:47+02,2017-08-04 19:32:47+02
EGAX00001541838,whole exome,SAM638709_exome,whole exome,250,,ILLUMINA,Illumina HiSeq 2500,PAIRED,WXS,GENOMIC,unspecified,,EGAS00001002554,EGA00001358027,2017-08-04 19:32:47+02,2017-08-04 19:32:47+02
EGAX00001541839,whole exome,SAM638600_exome,whole exome,250,,ILLUMINA,Illumina HiSeq 2500,PAIRED,WXS,GENOMIC,unspecified,,EGAS00001002554,EGA00001358027,2017-08-04 19:32:47+02,2017-08-04 19:32:47+02
EGAX00001541840,whole exome,SAM8979568_exome,whole exome,250,,ILLUMINA,Illumina HiSeq 2500,PAIRED,WXS,GENOMIC,unspecified,,EGAS00001002554,EGA00001358027,2017-08-04 19:32:47+02,2017-08-04 19:32:47+02
EGAX00001541841,whole exome,SAM638561_exome,whole exome,250,,ILLUMINA,Illumina HiSeq 2500,PAIRED,WXS,GENOMIC,unspecified,,EGAS00001002554,EGA00001358027,2017-08-04 19:32:47+02,2017-08-04 19:32:47+02
EGAX00001541842,whole exome,SAM638659_exome,whole exome,250,,ILLUMINA,Illumina HiSeq 2500,PAIRED,WXS,GENOMIC,unspecified,,EGAS00001002554,EGA00001358027,2017-08-04 19:32:47+02,2017-08-04 19:32:47+02
EGAX00001541843,whole exome,SAM638630_exome,whole exome,250,,ILLUMINA,Illumina HiSeq 2500,PAIRED,WXS,GENOMIC,unspecified,,EGAS00001002554,EGA00001358027,2017-08-04 19:32:47+02,2017-08-04 19:32:47+02
EGAX00001541844,whole exome,SAM638618_exome,whole exome,250,,ILLUMINA,Illumina HiSeq 2500,PAIRED,WXS,GENOMIC,unspecified,,EGAS00001002554,EGA00001358027,2017-08-04 19:32:47+02,2017-08-04 19:32:47+02
EGAX00001541845,whole exome,SAM8979693_exome,whole exome,250,,ILLUMINA,Illumina HiSeq 2500,PAIRED,WXS,GENOMIC,unspecified,,EGAS00001002554,EGA00001358027,2017-08-04 19:32:47+02,2017-08-04 19:32:47+02
EGAX00001541846,whole exome,SAM638652_exome,whole exome,250,,ILLUMINA,Illumina HiSeq 2500,PAIRED,WXS,GENOMIC,unspecified,,EGAS00001002554,EGA00001358027,2017-08-04 19:32:47+02,2017-08-04 19:32:47+02
EGAX00001541847,whole exome,SAM635329_exome,whole exome,250,,ILLUMINA,Illumina HiSeq 2500,PAIRED,WXS,GENOMIC,unspecified,,EGAS00001002554,EGA00001358027,2017-08-04 19:32:47+02,2017-08-04 19:32:47+02
EGAX00001541848,whole exome,SAM635682_exome,whole exome,250,,ILLUMINA,Illumina HiSeq 2500,PAIRED,WXS,GENOMIC,unspecified,,EGAS00001002554,EGA00001358027,2017-08-04 19:32:47+02,2017-08-04 19:32:47+02
EGAX00001541849,whole exome,SAM20882228_exome,whole exome,250,,ILLUMINA,Illumina HiSeq 2500,PAIRED,WXS,GENOMIC,unspecified,,EGAS00001002554,EGA00001358027,2017-08-04 19:32:47+02,2017-08-04 19:32:47+02
EGAX00001541850,whole exome,SAM637118_exome,whole exome,250,,ILLUMINA,Illumina HiSeq 2500,PAIRED,WXS,GENOMIC,unspecified,,EGAS00001002554,EGA00001358027,2017-08-04 19:32:47+02,2017-08-04 19:32:47+02
EGAX00001541851,whole exome,SAM8979687_exome,whole exome,250,,ILLUMINA,Illumina HiSeq 2500,PAIRED,WXS,GENOMIC,unspecified,,EGAS00001002554,EGA00001358027,2017-08-04 19:32:47+02,2017-08-04 19:32:47+02
EGAX00001541852,whole exome,SAM636411_exome,whole exome,250,,ILLUMINA,Illumina HiSeq 2500,PAIRED,WXS,GENOMIC,unspecified,,EGAS00001002554,EGA00001358027,2017-08-04 19:32:47+02,2017-08-04 19:32:47+02
EGAX00001541853,whole exome,SAM636227_exome,whole exome,250,,ILLUMINA,Illumina HiSeq 2500,PAIRED,WXS,GENOMIC,unspecified,,EGAS00001002554,EGA00001358027,2017-08-04 19:32:47+02,2017-08-04 19:32:47+02
EGAX00001541854,whole exome,SAM636228_exome,whole exome,250,,ILLUMINA,Illumina HiSeq 2500,PAIRED,WXS,GENOMIC,unspecified,,EGAS00001002554,EGA00001358027,2017-08-04 19:32:47+02,2017-08-04 19:32:47+02
EGAX00001541855,whole exome,SAM636361_exome,whole exome,250,,ILLUMINA,Illumina HiSeq 2500,PAIRED,WXS,GENOMIC,unspecified,,EGAS00001002554,EGA00001358027,2017-08-04 19:32:47+02,2017-08-04 19:32:47+02
EGAX00001541856,whole exome,SAM637040_exome,whole exome,250,,ILLUMINA,Illumina HiSeq 2500,PAIRED,WXS,GENOMIC,unspecified,,EGAS00001002554,EGA00001358027,2017-08-04 19:32:47+02,2017-08-04 19:32:47+02
EGAX00001541857,whole exome,SAM636332_exome,whole exome,250,,ILLUMINA,Illumina HiSeq 2500,PAIRED,WXS,GENOMIC,unspecified,,EGAS00001002554,EGA00001358027,2017-08-04 19:32:47+02,2017-08-04 19:32:47+02
EGAX00001541858,whole exome,SAM8979689_exome,whole exome,250,,ILLUMINA,Illumina HiSeq 2500,PAIRED,WXS,GENOMIC,unspecified,,EGAS00001002554,EGA00001358027,2017-08-04 19:32:47+02,2017-08-04 19:32:47+02
EGAX00001541859,whole exome,SAM8979668_exome,whole exome,250,,ILLUMINA,Illumina HiSeq 2500,PAIRED,WXS,GENOMIC,unspecified,,EGAS00001002554,EGA00001358027,2017-08-04 19:32:47+02,2017-08-04 19:32:47+02
EGAX00001541860,whole exome,SAM637016_exome,whole exome,250,,ILLUMINA,Illumina HiSeq 2500,PAIRED,WXS,GENOMIC,unspecified,,EGAS00001002554,EGA00001358027,2017-08-04 19:32:47+02,2017-08-04 19:32:47+02
EGAX00001541861,whole exome,SAM8979726_exome,whole exome,250,,ILLUMINA,Illumina HiSeq 2500,PAIRED,WXS,GENOMIC,unspecified,,EGAS00001002554,EGA00001358027,2017-08-04 19:32:47+02,2017-08-04 19:32:47+02
EGAX00001541862,whole exome,SAM635318_exome,whole exome,250,,ILLUMINA,Illumina HiSeq 2500,PAIRED,WXS,GENOMIC,unspecified,,EGAS00001002554,EGA00001358027,2017-08-04 19:32:47+02,2017-08-04 19:32:47+02
EGAX00001541863,whole exome,SAM638553_exome,whole exome,250,,ILLUMINA,Illumina HiSeq 2500,PAIRED,WXS,GENOMIC,unspecified,,EGAS00001002554,EGA00001358027,2017-08-04 19:32:48+02,2017-08-04 19:32:48+02
EGAX00001541864,whole exome,SAM638672_exome,whole exome,250,,ILLUMINA,Illumina HiSeq 2500,PAIRED,WXS,GENOMIC,unspecified,,EGAS00001002554,EGA00001358027,2017-08-04 19:32:48+02,2017-08-04 19:32:48+02
EGAX00001541865,whole exome,SAM636419_exome,whole exome,250,,ILLUMINA,Illumina HiSeq 2500,PAIRED,WXS,GENOMIC,unspecified,,EGAS00001002554,EGA00001358027,2017-08-04 19:32:48+02,2017-08-04 19:32:48+02
EGAX00001541866,whole exome,SAM638583_exome,whole exome,250,,ILLUMINA,Illumina HiSeq 2500,PAIRED,WXS,GENOMIC,unspecified,,EGAS00001002554,EGA00001358027,2017-08-04 19:32:48+02,2017-08-04 19:32:48+02
EGAX00001541867,whole exome,SAM635694_exome,whole exome,250,,ILLUMINA,Illumina HiSeq 2500,PAIRED,WXS,GENOMIC,unspecified,,EGAS00001002554,EGA00001358027,2017-08-04 19:32:48+02,2017-08-04 19:32:48+02
EGAX00001541868,whole exome,SAM637043_exome,whole exome,250,,ILLUMINA,Illumina HiSeq 2500,PAIRED,WXS,GENOMIC,unspecified,,EGAS00001002554,EGA00001358027,2017-08-04 19:32:48+02,2017-08-04 19:32:48+02
EGAX00001541869,whole exome,SAM636421_exome,whole exome,250,,ILLUMINA,Illumina HiSeq 2500,PAIRED,WXS,GENOMIC,unspecified,,EGAS00001002554,EGA00001358027,2017-08-04 19:32:48+02,2017-08-04 19:32:48+02
EGAX00001541870,whole exome,SAM20882150_exome,whole exome,250,,ILLUMINA,Illumina HiSeq 2500,PAIRED,WXS,GENOMIC,unspecified,,EGAS00001002554,EGA00001358027,2017-08-04 19:32:48+02,2017-08-04 19:32:48+02
EGAX00001541871,whole exome,SAM638651_exome,whole exome,250,,ILLUMINA,Illumina HiSeq 2500,PAIRED,WXS,GENOMIC,unspecified,,EGAS00001002554,EGA00001358027,2017-08-04 19:32:48+02,2017-08-04 19:32:48+02
EGAX00001541872,whole exome,SAM638695_exome,whole exome,250,,ILLUMINA,Illumina HiSeq 2500,PAIRED,WXS,GENOMIC,unspecified,,EGAS00001002554,EGA00001358027,2017-08-04 19:32:48+02,2017-08-04 19:32:48+02
EGAX00001541873,whole exome,SAM20882303_exome,whole exome,250,,ILLUMINA,Illumina HiSeq 2500,PAIRED,WXS,GENOMIC,unspecified,,EGAS00001002554,EGA00001358027,2017-08-04 19:32:48+02,2017-08-04 19:32:48+02
EGAX00001541874,whole exome,SAM637141_exome,whole exome,250,,ILLUMINA,Illumina HiSeq 2500,PAIRED,WXS,GENOMIC,unspecified,,EGAS00001002554,EGA00001358027,2017-08-04 19:32:48+02,2017-08-04 19:32:48+02
EGAX00001541875,whole exome,SAM635711_exome,whole exome,250,,ILLUMINA,Illumina HiSeq 2500,PAIRED,WXS,GENOMIC,unspecified,,EGAS00001002554,EGA00001358027,2017-08-04 19:32:48+02,2017-08-04 19:32:48+02
EGAX00001541876,whole exome,SAM635713_exome,whole exome,250,,ILLUMINA,Illumina HiSeq 2500,PAIRED,WXS,GENOMIC,unspecified,,EGAS00001002554,EGA00001358027,2017-08-04 19:32:48+02,2017-08-04 19:32:48+02
EGAX00001541877,whole exome,SAM635714_exome,whole exome,250,,ILLUMINA,Illumina HiSeq 2500,PAIRED,WXS,GENOMIC,unspecified,,EGAS00001002554,EGA00001358027,2017-08-04 19:32:48+02,2017-08-04 19:32:48+02
EGAX00001541878,whole exome,SAM638685_exome,whole exome,250,,ILLUMINA,Illumina HiSeq 2500,PAIRED,WXS,GENOMIC,unspecified,,EGAS00001002554,EGA00001358027,2017-08-04 19:32:48+02,2017-08-04 19:32:48+02
EGAX00001541879,whole exome,SAM636384_exome,whole exome,250,,ILLUMINA,Illumina HiSeq 2500,PAIRED,WXS,GENOMIC,unspecified,,EGAS00001002554,EGA00001358027,2017-08-04 19:32:48+02,2017-08-04 19:32:48+02
EGAX00001541880,whole exome,SAM635718_exome,whole exome,250,,ILLUMINA,Illumina HiSeq 2500,PAIRED,WXS,GENOMIC,unspecified,,EGAS00001002554,EGA00001358027,2017-08-04 19:32:48+02,2017-08-04 19:32:48+02
EGAX00001541881,whole exome,SAM637018_exome,whole exome,250,,ILLUMINA,Illumina HiSeq 2500,PAIRED,WXS,GENOMIC,unspecified,,EGAS00001002554,EGA00001358027,2017-08-04 19:32:48+02,2017-08-04 19:32:48+02
